{"cameraMode":{"drawMode":0,"name":"Shaded","section":"Shading Mode"},"sceneLighting":true,"audioPlay":false,"sceneViewState":{"m_AlwaysRefresh":false,"showFog":true,"showSkybox":true,"showFlares":true,"showImageEffects":true,"showParticleSystems":true,"showVisualEffectGraphs":true,"m_FxEnabled":true},"in2DMode":false,"pivot":{"x":-0.26328933238983157,"y":2.1340067386627199,"z":-0.0552009642124176},"rotation":{"x":0.1695117950439453,"y":-0.4086712896823883,"z":0.07753673195838928,"w":0.8934447169303894},"size":12.728073120117188,"orthographic":false}